Actual_Churn,Predicted_Churn,Churn_Probability,Actual_Label,Predicted_Label
0,0,0.017209638537357633,Stay,Stay
0,1,0.5953037169851072,Stay,Churn
0,0,0.004768914869405703,Stay,Stay
1,0,0.2000447554518715,Churn,Stay
0,0,0.10045108476394722,Stay,Stay
1,0,0.47035467499572514,Churn,Stay
0,0,0.026604808262087054,Stay,Stay
0,0,0.16412031773481392,Stay,Stay
1,1,0.6861238856913844,Churn,Churn
0,0,0.015228980502366847,Stay,Stay
0,1,0.7058766951851314,Stay,Churn
0,0,0.14605933309140137,Stay,Stay
0,1,0.6580292682754637,Stay,Churn
0,0,0.061318323322770665,Stay,Stay
1,0,0.20823170362911314,Churn,Stay
1,1,0.774884678876088,Churn,Churn
1,1,0.6097998653996376,Churn,Churn
1,1,0.5599599183052819,Churn,Churn
0,0,0.22970749731414764,Stay,Stay
0,0,0.0028157310940808296,Stay,Stay
0,0,0.002305309583427383,Stay,Stay
0,0,0.4519589098563393,Stay,Stay
0,0,0.419879044933681,Stay,Stay
1,0,0.17105656443484318,Churn,Stay
0,0,0.2309521688781921,Stay,Stay
1,0,0.41911417797967987,Churn,Stay
0,0,0.2152523356159696,Stay,Stay
0,0,0.011495243243680932,Stay,Stay
0,0,0.024464003421568854,Stay,Stay
1,0,0.31170492689004176,Churn,Stay
0,0,0.06391519773863982,Stay,Stay
1,1,0.6995810309914808,Churn,Churn
0,0,0.26047753483710306,Stay,Stay
0,0,0.02140994292023188,Stay,Stay
1,1,0.6667083651336551,Churn,Churn
0,1,0.6143084647353976,Stay,Churn
0,0,0.15493936560070756,Stay,Stay
0,0,0.022939957308233002,Stay,Stay
1,0,0.20453092032292258,Churn,Stay
0,0,0.26777439090668964,Stay,Stay
0,0,0.035222785534176584,Stay,Stay
0,0,0.006059143325450201,Stay,Stay
0,0,0.06513388640847052,Stay,Stay
0,0,0.04803650544036318,Stay,Stay
0,0,0.004842162128922917,Stay,Stay
0,0,0.17043914250706363,Stay,Stay
0,0,0.03339991009527364,Stay,Stay
0,0,0.0778539369919248,Stay,Stay
0,0,0.008417730111206256,Stay,Stay
0,0,0.0794080425655445,Stay,Stay
0,0,0.3774116455479526,Stay,Stay
0,0,0.022776321822875915,Stay,Stay
0,0,0.3749275319435724,Stay,Stay
1,1,0.625322287463597,Churn,Churn
0,0,0.05315950277315866,Stay,Stay
0,0,0.0336136542006214,Stay,Stay
0,0,0.32668055205030794,Stay,Stay
0,0,0.4711615807996432,Stay,Stay
0,0,0.004341990725912261,Stay,Stay
1,1,0.7217464986294635,Churn,Churn
0,0,0.028545560016820216,Stay,Stay
0,0,0.09248883205636488,Stay,Stay
0,1,0.6152112961122806,Stay,Churn
0,0,0.01931032619497698,Stay,Stay
0,0,0.00900948659121191,Stay,Stay
0,0,0.1513479787722268,Stay,Stay
0,0,0.00588059878483637,Stay,Stay
0,0,0.09982665572815713,Stay,Stay
0,0,0.0019890941246895636,Stay,Stay
0,0,0.15323552223859724,Stay,Stay
0,0,0.002134807234180123,Stay,Stay
1,1,0.6964730514056362,Churn,Churn
0,0,0.008856125301628158,Stay,Stay
1,0,0.37943057908992406,Churn,Stay
0,0,0.0032408370353938266,Stay,Stay
1,1,0.5865384737157381,Churn,Churn
0,0,0.465781337988173,Stay,Stay
0,0,0.03172625133016253,Stay,Stay
0,0,0.009731684021232185,Stay,Stay
0,0,0.15567767605784738,Stay,Stay
0,0,0.019836011675936648,Stay,Stay
0,0,0.05564159898757002,Stay,Stay
0,0,0.019784882128997545,Stay,Stay
1,1,0.6684425774537056,Churn,Churn
0,0,0.023086985390684173,Stay,Stay
0,0,0.0014469843563944763,Stay,Stay
0,0,0.33679054580097484,Stay,Stay
1,0,0.17191377745218667,Churn,Stay
0,1,0.6977638101793098,Stay,Churn
0,0,0.4229116194190933,Stay,Stay
0,0,0.07226011553654776,Stay,Stay
1,1,0.7067807772436241,Churn,Churn
0,0,0.0329660337183171,Stay,Stay
0,0,0.3550196708168444,Stay,Stay
0,0,0.026607445472541413,Stay,Stay
0,0,0.08967904347456916,Stay,Stay
0,0,0.010157478800658926,Stay,Stay
0,0,0.39985851795103167,Stay,Stay
0,0,0.4148252695737788,Stay,Stay
0,0,0.053621942005781596,Stay,Stay
0,0,0.48544488046168316,Stay,Stay
0,0,0.44594527827967123,Stay,Stay
0,0,0.21899409365228928,Stay,Stay
0,0,0.2733709589637025,Stay,Stay
1,0,0.04900703553745118,Churn,Stay
0,0,0.4136157798253384,Stay,Stay
1,1,0.5981060629723546,Churn,Churn
0,1,0.5541958214716258,Stay,Churn
0,1,0.6958152553829942,Stay,Churn
1,1,0.5558393222337555,Churn,Churn
0,0,0.26231615448506335,Stay,Stay
0,0,0.4829765174605324,Stay,Stay
0,0,0.00711230073261743,Stay,Stay
0,0,0.025881559704254757,Stay,Stay
0,0,0.03376021329101462,Stay,Stay
1,1,0.7806401723245374,Churn,Churn
0,0,0.45401215520345134,Stay,Stay
0,0,0.002514582030468509,Stay,Stay
0,0,0.01845891789585827,Stay,Stay
1,0,0.44224998679190586,Churn,Stay
0,0,0.028376018221277746,Stay,Stay
0,0,0.026753883150217747,Stay,Stay
0,0,0.09013871123777344,Stay,Stay
1,0,0.17796830896964871,Churn,Stay
1,1,0.517442874854897,Churn,Churn
0,0,0.31935942893064323,Stay,Stay
1,1,0.7705149279787951,Churn,Churn
0,0,0.006384831303174244,Stay,Stay
0,0,0.0034068740722911174,Stay,Stay
0,0,0.0453417392512537,Stay,Stay
0,0,0.012102465222897036,Stay,Stay
1,1,0.6680572035379347,Churn,Churn
0,0,0.006243302144407859,Stay,Stay
1,0,0.45864594681070536,Churn,Stay
0,0,0.013496201170474263,Stay,Stay
0,0,0.05770604656426847,Stay,Stay
1,1,0.6882485087733752,Churn,Churn
0,1,0.7346263551231734,Stay,Churn
0,0,0.32773870803061567,Stay,Stay
0,0,0.1693794121437646,Stay,Stay
0,0,0.0026353451393729015,Stay,Stay
0,0,0.09760200127613179,Stay,Stay
0,0,0.29734266406743404,Stay,Stay
0,0,0.012371494132691093,Stay,Stay
1,0,0.2927945560801502,Churn,Stay
0,1,0.5367039254869612,Stay,Churn
0,0,0.054773616440987195,Stay,Stay
0,1,0.6935501792626823,Stay,Churn
0,0,0.007402525025844754,Stay,Stay
0,0,0.13800563204491373,Stay,Stay
0,0,0.013571559126259018,Stay,Stay
1,0,0.2507925254939544,Churn,Stay
0,0,0.3277199712291341,Stay,Stay
0,0,0.010273325905068156,Stay,Stay
1,1,0.5555366419062324,Churn,Churn
0,0,0.034403789476859944,Stay,Stay
1,1,0.6318114081897119,Churn,Churn
0,0,0.01573419272544623,Stay,Stay
0,0,0.01904202013813096,Stay,Stay
0,0,0.07019288186765262,Stay,Stay
0,0,0.4517634553301673,Stay,Stay
0,0,0.013075799142416512,Stay,Stay
0,0,0.026130165190061255,Stay,Stay
1,0,0.2840228561860989,Churn,Stay
0,0,0.10990082101951032,Stay,Stay
0,0,0.2325129324697105,Stay,Stay
0,0,0.2861427689071302,Stay,Stay
0,0,0.00508406169173344,Stay,Stay
0,0,0.09183501110960547,Stay,Stay
0,0,0.03835054775642683,Stay,Stay
0,0,0.18657513294997313,Stay,Stay
0,0,0.012552268740096198,Stay,Stay
0,1,0.5628770176121713,Stay,Churn
0,0,0.07012553839367065,Stay,Stay
0,0,0.4627640814894592,Stay,Stay
1,1,0.6633619091120867,Churn,Churn
0,0,0.18929115005152727,Stay,Stay
1,1,0.678943370957286,Churn,Churn
0,0,0.05495498098873536,Stay,Stay
0,0,0.005316438400140074,Stay,Stay
0,0,0.007797314298848324,Stay,Stay
1,0,0.45556650308866714,Churn,Stay
1,0,0.39507398300037205,Churn,Stay
1,0,0.47241353367800365,Churn,Stay
0,0,0.002642071916011336,Stay,Stay
1,1,0.6326657754165436,Churn,Churn
1,1,0.6725497124789515,Churn,Churn
0,0,0.004778206606923294,Stay,Stay
0,0,0.039369273876082855,Stay,Stay
0,0,0.49152971511172,Stay,Stay
0,0,0.18386571958125136,Stay,Stay
0,0,0.02013867322827801,Stay,Stay
0,0,0.022343099749098295,Stay,Stay
0,1,0.5677149275549616,Stay,Churn
1,1,0.7336857269776271,Churn,Churn
0,1,0.5383788022098418,Stay,Churn
0,0,0.11359770098014248,Stay,Stay
0,0,0.026822660921487905,Stay,Stay
0,0,0.01750984638352781,Stay,Stay
1,1,0.5293893998692394,Churn,Churn
0,0,0.01707410584931615,Stay,Stay
0,0,0.24120869013786597,Stay,Stay
0,0,0.13320081001729345,Stay,Stay
0,0,0.0896877381720767,Stay,Stay
0,0,0.48733445945484927,Stay,Stay
0,1,0.6697274042256192,Stay,Churn
0,0,0.36004833734144875,Stay,Stay
1,0,0.34767911588679595,Churn,Stay
1,1,0.5051160673270815,Churn,Churn
0,0,0.1899470521904082,Stay,Stay
1,1,0.6429351434768228,Churn,Churn
0,1,0.846274738762758,Stay,Churn
1,0,0.3949584700478001,Churn,Stay
0,0,0.43563450167513496,Stay,Stay
1,1,0.7005796242311784,Churn,Churn
0,0,0.32902512534853484,Stay,Stay
0,0,0.03223334002494225,Stay,Stay
0,0,0.28316540759105463,Stay,Stay
1,1,0.5319609371136126,Churn,Churn
0,0,0.0398001036702295,Stay,Stay
0,0,0.28562020128919113,Stay,Stay
1,1,0.5876035725570568,Churn,Churn
1,1,0.6141669719688975,Churn,Churn
0,0,0.1946541127791884,Stay,Stay
0,0,0.03138669920924022,Stay,Stay
0,0,0.30506451459994555,Stay,Stay
0,0,0.43540532231647827,Stay,Stay
1,0,0.3057863481094711,Churn,Stay
0,0,0.23703758704311725,Stay,Stay
0,0,0.20842063464364743,Stay,Stay
1,0,0.2100380415219019,Churn,Stay
0,0,0.031173424307174416,Stay,Stay
0,0,0.02450035248812303,Stay,Stay
0,1,0.5455134015845895,Stay,Churn
0,0,0.45596307381359136,Stay,Stay
0,0,0.012457252445580786,Stay,Stay
0,0,0.010080959291790812,Stay,Stay
0,0,0.014401469800680649,Stay,Stay
0,0,0.016945796394220492,Stay,Stay
0,0,0.0060062052559298395,Stay,Stay
0,0,0.040992868916546445,Stay,Stay
1,0,0.2395709404514944,Churn,Stay
0,0,0.33447901589478035,Stay,Stay
1,0,0.303241968306085,Churn,Stay
0,0,0.013160050386793949,Stay,Stay
0,0,0.02771515361889617,Stay,Stay
0,0,0.001966691849792408,Stay,Stay
1,0,0.41749052879830834,Churn,Stay
1,1,0.6665866697509962,Churn,Churn
0,0,0.20681825475441484,Stay,Stay
0,0,0.02846395589524886,Stay,Stay
0,0,0.1623980459164039,Stay,Stay
0,1,0.5194540881308717,Stay,Churn
0,0,0.010083793993933316,Stay,Stay
0,0,0.03943479323566611,Stay,Stay
1,1,0.6567782328227941,Churn,Churn
0,0,0.0033998299419588313,Stay,Stay
1,0,0.2879477004183717,Churn,Stay
0,0,0.30428486386515924,Stay,Stay
1,1,0.7358364375852359,Churn,Churn
0,0,0.002574627487250091,Stay,Stay
1,1,0.7080401775861564,Churn,Churn
1,0,0.4478607866999162,Churn,Stay
0,0,0.15878188429432077,Stay,Stay
0,0,0.013877712187416406,Stay,Stay
1,1,0.5067050920028674,Churn,Churn
0,0,0.38295775934131154,Stay,Stay
0,0,0.058550865661857375,Stay,Stay
1,0,0.3826386760384945,Churn,Stay
0,0,0.3828269820159453,Stay,Stay
0,1,0.6549869707487257,Stay,Churn
0,0,0.45320894563342395,Stay,Stay
0,0,0.014342116775303974,Stay,Stay
1,0,0.2899424458168308,Churn,Stay
0,0,0.04737558070692762,Stay,Stay
1,0,0.3527601428057318,Churn,Stay
1,1,0.7468773916866608,Churn,Churn
0,0,0.03290897446879975,Stay,Stay
0,0,0.027386794887593595,Stay,Stay
0,0,0.20166691342827617,Stay,Stay
1,0,0.14113824835487135,Churn,Stay
1,1,0.5910732841764239,Churn,Churn
0,0,0.12529143720290145,Stay,Stay
0,0,0.04836237744780412,Stay,Stay
1,0,0.30238201380826407,Churn,Stay
0,0,0.14537467076895066,Stay,Stay
1,0,0.4947286953274671,Churn,Stay
0,0,0.03741199047608978,Stay,Stay
0,0,0.03726750195050813,Stay,Stay
0,0,0.24453138333474717,Stay,Stay
0,0,0.23786773627194768,Stay,Stay
0,0,0.0688234368232737,Stay,Stay
0,0,0.2328766757941091,Stay,Stay
1,0,0.05337757801701082,Churn,Stay
1,0,0.3652721225373086,Churn,Stay
0,0,0.08434861423945246,Stay,Stay
0,0,0.012415652112878286,Stay,Stay
0,0,0.34167379276433685,Stay,Stay
0,0,0.01671378900986279,Stay,Stay
0,0,0.032896367035937187,Stay,Stay
1,0,0.09868417730011571,Churn,Stay
0,0,0.37572171068411103,Stay,Stay
0,0,0.006997680544502422,Stay,Stay
0,0,0.16506640474880238,Stay,Stay
1,1,0.6969328796421489,Churn,Churn
0,0,0.398707483231555,Stay,Stay
0,0,0.014792105558872861,Stay,Stay
1,0,0.4246846344374855,Churn,Stay
0,0,0.016288878768851784,Stay,Stay
0,0,0.007392792248435154,Stay,Stay
1,1,0.5616179438111216,Churn,Churn
0,0,0.2865081912561978,Stay,Stay
0,0,0.3241494695603541,Stay,Stay
0,0,0.011287334153991413,Stay,Stay
0,0,0.002580612082044097,Stay,Stay
1,0,0.038675155819934276,Churn,Stay
0,0,0.1688576936822806,Stay,Stay
0,0,0.2641322178726263,Stay,Stay
0,0,0.15098191898897012,Stay,Stay
0,0,0.00966379156994333,Stay,Stay
0,0,0.02519980251561811,Stay,Stay
0,0,0.056729392156563425,Stay,Stay
0,0,0.2896382764678338,Stay,Stay
0,0,0.47116149953552167,Stay,Stay
1,1,0.6642137586187276,Churn,Churn
0,1,0.5916090948706682,Stay,Churn
0,0,0.08066893550030704,Stay,Stay
0,0,0.008622844413531828,Stay,Stay
0,0,0.07993224290995733,Stay,Stay
0,1,0.6699644743356715,Stay,Churn
0,0,0.33578738238382455,Stay,Stay
0,0,0.2892128195437759,Stay,Stay
0,0,0.030076393627013517,Stay,Stay
0,1,0.6686099520452439,Stay,Churn
1,1,0.6853046471313805,Churn,Churn
1,0,0.34294135483525423,Churn,Stay
0,0,0.006341804691161128,Stay,Stay
0,0,0.03996972136217771,Stay,Stay
1,0,0.09734220219680645,Churn,Stay
0,0,0.2118691598313361,Stay,Stay
0,0,0.29881584316901566,Stay,Stay
0,1,0.7360565674107357,Stay,Churn
0,0,0.23380679264272927,Stay,Stay
0,0,0.1482721122626539,Stay,Stay
0,0,0.2721183156003345,Stay,Stay
0,1,0.6131654534903749,Stay,Churn
1,1,0.7894839069653923,Churn,Churn
0,0,0.446509936473801,Stay,Stay
0,0,0.006540754643272472,Stay,Stay
1,1,0.5650916918979124,Churn,Churn
0,0,0.49349695711096536,Stay,Stay
0,0,0.042611644579794584,Stay,Stay
0,0,0.01158446570339052,Stay,Stay
1,1,0.7351631897865416,Churn,Churn
1,1,0.5784939013034522,Churn,Churn
0,0,0.053377227033317855,Stay,Stay
0,1,0.6082193371970279,Stay,Churn
1,1,0.7365817647382518,Churn,Churn
0,0,0.0328994520608407,Stay,Stay
0,0,0.008461137395703191,Stay,Stay
0,1,0.6643254950212153,Stay,Churn
0,1,0.572125971477641,Stay,Churn
0,0,0.20201518804718954,Stay,Stay
0,0,0.3945069737433093,Stay,Stay
1,1,0.712630693544058,Churn,Churn
0,0,0.05189087717761594,Stay,Stay
1,0,0.24283769632083507,Churn,Stay
0,0,0.03245119904736843,Stay,Stay
1,0,0.1587101666251792,Churn,Stay
1,1,0.7403467736637326,Churn,Churn
0,0,0.18664251469097987,Stay,Stay
0,0,0.21325806998488664,Stay,Stay
0,0,0.015403837105269413,Stay,Stay
1,0,0.49757347379843736,Churn,Stay
1,1,0.5719093098717976,Churn,Churn
0,0,0.016750381589504756,Stay,Stay
0,1,0.7457083061544237,Stay,Churn
0,0,0.016834846213363504,Stay,Stay
0,0,0.28387378180708084,Stay,Stay
0,0,0.15942464824580319,Stay,Stay
1,1,0.7037532772913339,Churn,Churn
0,0,0.09276580905520344,Stay,Stay
0,0,0.12984210260985798,Stay,Stay
1,0,0.37911740533622773,Churn,Stay
0,1,0.6142602071780017,Stay,Churn
0,0,0.3982582248549315,Stay,Stay
1,1,0.5258112681360352,Churn,Churn
0,0,0.06267940988525526,Stay,Stay
0,0,0.38929040250264124,Stay,Stay
0,0,0.03740362666845365,Stay,Stay
0,0,0.47336650337177655,Stay,Stay
1,0,0.4750777747931842,Churn,Stay
1,0,0.24704115323973308,Churn,Stay
0,1,0.5779668343472132,Stay,Churn
0,1,0.7907355143568845,Stay,Churn
1,1,0.6047377350789169,Churn,Churn
1,1,0.6350660266967452,Churn,Churn
1,1,0.7349908400687194,Churn,Churn
0,1,0.7388870330301335,Stay,Churn
0,0,0.005272608324289644,Stay,Stay
0,0,0.004152053647995977,Stay,Stay
0,0,0.3240315759313474,Stay,Stay
0,1,0.7184095185376762,Stay,Churn
0,1,0.5955492390494572,Stay,Churn
0,0,0.25848061333766825,Stay,Stay
0,0,0.4264159687221413,Stay,Stay
0,0,0.2722769224283811,Stay,Stay
0,1,0.7406653178151069,Stay,Churn
0,0,0.027514083023973256,Stay,Stay
0,0,0.35696302798869095,Stay,Stay
0,0,0.1414298795982709,Stay,Stay
1,1,0.7298911429405082,Churn,Churn
1,0,0.38980066246623357,Churn,Stay
0,0,0.4405485262732656,Stay,Stay
0,1,0.7684896972108312,Stay,Churn
1,1,0.5973796138970123,Churn,Churn
0,0,0.08585193504921648,Stay,Stay
0,1,0.541640066350238,Stay,Churn
0,0,0.06413214178870691,Stay,Stay
1,0,0.4706836158162308,Churn,Stay
1,0,0.10523331998788803,Churn,Stay
0,0,0.016175109944720385,Stay,Stay
0,0,0.14570496790237233,Stay,Stay
1,0,0.43267188633497616,Churn,Stay
0,0,0.04760096277151099,Stay,Stay
0,0,0.004811787551423748,Stay,Stay
0,0,0.03874680686194674,Stay,Stay
1,0,0.26290592068429874,Churn,Stay
0,0,0.03140692045164315,Stay,Stay
0,0,0.002364491155279658,Stay,Stay
1,1,0.5833878701469557,Churn,Churn
0,0,0.07514884651192187,Stay,Stay
0,0,0.04684957331396547,Stay,Stay
0,1,0.6241823895269639,Stay,Churn
0,0,0.483840626304351,Stay,Stay
0,0,0.0468633328548784,Stay,Stay
1,1,0.7140661810338914,Churn,Churn
1,1,0.7669404316635738,Churn,Churn
0,0,0.13431224984681586,Stay,Stay
1,1,0.7843348054725213,Churn,Churn
1,0,0.36788561259069613,Churn,Stay
0,0,0.016148922459787655,Stay,Stay
1,0,0.33616059028872314,Churn,Stay
0,0,0.016175585604982567,Stay,Stay
0,0,0.17562583738084567,Stay,Stay
0,0,0.4092594802566702,Stay,Stay
0,1,0.6921926788665502,Stay,Churn
0,0,0.006679066032411314,Stay,Stay
0,0,0.009370992639221197,Stay,Stay
1,1,0.5100794959806992,Churn,Churn
1,0,0.08480104005428608,Churn,Stay
0,0,0.014022043205032671,Stay,Stay
1,0,0.45806341805710654,Churn,Stay
0,0,0.01671554533470263,Stay,Stay
1,1,0.5661023904164434,Churn,Churn
0,0,0.1416089917233752,Stay,Stay
1,1,0.5680576237422357,Churn,Churn
0,0,0.27533516783353634,Stay,Stay
0,0,0.4697655116729361,Stay,Stay
0,0,0.0809159115736316,Stay,Stay
0,0,0.002003478983252921,Stay,Stay
0,0,0.03429397726914604,Stay,Stay
0,0,0.004331462151923405,Stay,Stay
0,0,0.04671715445664025,Stay,Stay
1,1,0.7660896965096877,Churn,Churn
1,1,0.5315665909703386,Churn,Churn
0,0,0.4025493147143649,Stay,Stay
1,1,0.5724406152130346,Churn,Churn
1,1,0.7597616694332556,Churn,Churn
1,1,0.704892404561784,Churn,Churn
0,0,0.2123223381426868,Stay,Stay
1,1,0.5602346036342762,Churn,Churn
1,0,0.11894955286216971,Churn,Stay
1,0,0.41742885374376315,Churn,Stay
1,0,0.21132068581586597,Churn,Stay
1,1,0.7049718975954927,Churn,Churn
0,0,0.004684469812124123,Stay,Stay
0,0,0.017068896709228308,Stay,Stay
0,0,0.06947420024100853,Stay,Stay
1,0,0.26336480329480205,Churn,Stay
0,0,0.18583442185596138,Stay,Stay
0,0,0.09674979496149996,Stay,Stay
0,0,0.03005936487690686,Stay,Stay
0,0,0.004940142704799289,Stay,Stay
0,0,0.007932018911334581,Stay,Stay
0,0,0.07969026006032641,Stay,Stay
0,0,0.004157898273407305,Stay,Stay
1,0,0.17187785322335458,Churn,Stay
1,0,0.13011690006142035,Churn,Stay
0,0,0.3408840913299821,Stay,Stay
1,1,0.7345034730473389,Churn,Churn
0,1,0.5251614978949537,Stay,Churn
0,0,0.1408209431015237,Stay,Stay
1,1,0.5215806017253397,Churn,Churn
0,0,0.0021073495011535116,Stay,Stay
0,0,0.17376649283182594,Stay,Stay
0,0,0.016161810229809264,Stay,Stay
1,1,0.7210802411968014,Churn,Churn
1,1,0.6158553672483049,Churn,Churn
0,0,0.21917941800091892,Stay,Stay
1,0,0.2653488226715983,Churn,Stay
0,0,0.0102676272375215,Stay,Stay
0,1,0.6455244466643316,Stay,Churn
1,1,0.7287156528075045,Churn,Churn
1,1,0.6514506310050536,Churn,Churn
0,0,0.3217282107922041,Stay,Stay
0,0,0.13576274141421327,Stay,Stay
0,0,0.24646609684067083,Stay,Stay
0,0,0.14810530896004434,Stay,Stay
0,0,0.21358252429690386,Stay,Stay
1,1,0.6170173698112561,Churn,Churn
0,0,0.16333064307675388,Stay,Stay
0,0,0.009094627212683816,Stay,Stay
0,0,0.05990424873913057,Stay,Stay
0,0,0.03061191725666246,Stay,Stay
0,0,0.48546624685856926,Stay,Stay
0,0,0.46199556944838327,Stay,Stay
0,0,0.003800502796309359,Stay,Stay
1,0,0.1956007183979172,Churn,Stay
1,1,0.5523620356863832,Churn,Churn
0,0,0.044121148897645644,Stay,Stay
0,0,0.05598765415250475,Stay,Stay
0,0,0.3517455488287332,Stay,Stay
1,0,0.10172275004396246,Churn,Stay
1,1,0.5119365938250626,Churn,Churn
0,0,0.06847765524373249,Stay,Stay
0,1,0.685305242927134,Stay,Churn
1,1,0.5885149922804439,Churn,Churn
0,0,0.037200241527836624,Stay,Stay
1,1,0.6591637415086775,Churn,Churn
0,0,0.12780756274845806,Stay,Stay
1,0,0.2585988653559375,Churn,Stay
1,0,0.20930194655591722,Churn,Stay
0,0,0.013613339551883407,Stay,Stay
0,0,0.0661717711965882,Stay,Stay
1,1,0.5846933408322337,Churn,Churn
0,0,0.3123390778190853,Stay,Stay
0,0,0.0026687820105104937,Stay,Stay
1,1,0.6534551585646672,Churn,Churn
1,1,0.6429354968412192,Churn,Churn
0,0,0.2519326847390143,Stay,Stay
0,0,0.40632562183827775,Stay,Stay
0,0,0.005626158366583759,Stay,Stay
0,0,0.2112256517811489,Stay,Stay
0,0,0.2688640278343739,Stay,Stay
0,0,0.07729937616030474,Stay,Stay
0,0,0.38786665645335355,Stay,Stay
1,1,0.6389710991938949,Churn,Churn
0,0,0.01192605255101181,Stay,Stay
0,0,0.2849514370214609,Stay,Stay
0,1,0.7267076751838867,Stay,Churn
1,1,0.6035581014106868,Churn,Churn
1,1,0.5941414301669774,Churn,Churn
1,1,0.6270527200801786,Churn,Churn
0,0,0.4944554022516973,Stay,Stay
1,0,0.10183598116157287,Churn,Stay
0,0,0.03468721435704099,Stay,Stay
0,0,0.01225058114081292,Stay,Stay
0,1,0.5340527134333738,Stay,Churn
0,0,0.030354594077184632,Stay,Stay
0,0,0.06850400237416078,Stay,Stay
0,0,0.0026742963280251323,Stay,Stay
0,0,0.18794045208464488,Stay,Stay
0,0,0.023138559892850633,Stay,Stay
0,0,0.056164535195662155,Stay,Stay
0,0,0.04602832711305957,Stay,Stay
1,0,0.46006012037888705,Churn,Stay
0,0,0.22353651034467859,Stay,Stay
0,0,0.05696882620539809,Stay,Stay
1,1,0.7125028477200122,Churn,Churn
0,0,0.08504336576167418,Stay,Stay
1,0,0.06376808011415183,Churn,Stay
0,0,0.004007135005649467,Stay,Stay
0,0,0.2690201051680539,Stay,Stay
1,0,0.4179638172970937,Churn,Stay
0,0,0.16762752998211458,Stay,Stay
0,0,0.495023154521941,Stay,Stay
0,0,0.302480507982193,Stay,Stay
0,1,0.5579195578565587,Stay,Churn
0,0,0.219922357627338,Stay,Stay
0,0,0.09803696196114942,Stay,Stay
0,1,0.645306308047635,Stay,Churn
0,0,0.01569080778478428,Stay,Stay
0,0,0.11326585024374021,Stay,Stay
1,0,0.20842063464364743,Churn,Stay
0,0,0.13707183811244256,Stay,Stay
1,1,0.7535703874781883,Churn,Churn
0,1,0.6695894297150665,Stay,Churn
0,0,0.17898774553742114,Stay,Stay
0,0,0.05419680621343713,Stay,Stay
0,0,0.3047950723624478,Stay,Stay
1,1,0.828134755951427,Churn,Churn
0,0,0.029975905361635205,Stay,Stay
1,0,0.31443850694017045,Churn,Stay
0,0,0.3718033465102784,Stay,Stay
1,1,0.5245391312979534,Churn,Churn
1,1,0.6255785655589667,Churn,Churn
0,1,0.5681683891574694,Stay,Churn
0,0,0.004486994765999368,Stay,Stay
0,1,0.5248884451353277,Stay,Churn
0,0,0.11985460221003154,Stay,Stay
1,0,0.13369671513160505,Churn,Stay
0,0,0.28920084457595135,Stay,Stay
0,0,0.2636887840442961,Stay,Stay
0,0,0.14023184307796216,Stay,Stay
0,0,0.29213779974683474,Stay,Stay
0,1,0.5329307142003986,Stay,Churn
0,0,0.020938688242127333,Stay,Stay
0,0,0.27411658290647045,Stay,Stay
0,0,0.17401168779292722,Stay,Stay
1,1,0.6338851381179081,Churn,Churn
1,0,0.4783975270837311,Churn,Stay
1,1,0.5523634304383185,Churn,Churn
0,0,0.09171801488597704,Stay,Stay
1,1,0.6831336314977248,Churn,Churn
1,1,0.7774223994706744,Churn,Churn
0,1,0.7360168142168213,Stay,Churn
0,0,0.43954918267061527,Stay,Stay
0,0,0.015439492642288524,Stay,Stay
0,0,0.3195495555095969,Stay,Stay
0,0,0.4183517855764562,Stay,Stay
0,1,0.6708710629347483,Stay,Churn
1,0,0.37385869296909596,Churn,Stay
0,0,0.4400660954400424,Stay,Stay
0,0,0.07692736672957533,Stay,Stay
0,0,0.401147892080146,Stay,Stay
0,0,0.32530144625238294,Stay,Stay
0,0,0.020223323131849505,Stay,Stay
0,0,0.10138278845956183,Stay,Stay
0,0,0.1502050953109929,Stay,Stay
0,0,0.03900024243398968,Stay,Stay
0,0,0.07331192912752552,Stay,Stay
1,0,0.36311538294649254,Churn,Stay
0,0,0.43552200702318894,Stay,Stay
0,0,0.38856566123804476,Stay,Stay
1,1,0.6075414664616976,Churn,Churn
1,0,0.4415433170100425,Churn,Stay
1,0,0.46089251021964284,Churn,Stay
0,0,0.00784576746854107,Stay,Stay
0,1,0.5849660026267323,Stay,Churn
0,0,0.10088294165341241,Stay,Stay
0,0,0.2229457085335981,Stay,Stay
1,0,0.08336431164530342,Churn,Stay
0,0,0.3474934990319674,Stay,Stay
0,0,0.0031725589982633585,Stay,Stay
0,0,0.05894951628619967,Stay,Stay
0,0,0.4887745866158127,Stay,Stay
0,0,0.12661055824351708,Stay,Stay
0,1,0.5593412824543244,Stay,Churn
1,1,0.6576452982133152,Churn,Churn
1,1,0.7792571135870697,Churn,Churn
1,1,0.5549311465709538,Churn,Churn
0,1,0.5295130070427101,Stay,Churn
0,0,0.0015385000197970808,Stay,Stay
0,0,0.10539829552107428,Stay,Stay
0,0,0.0074290302074577095,Stay,Stay
0,0,0.10300169707083379,Stay,Stay
0,0,0.05791929058405642,Stay,Stay
0,0,0.3952639557178594,Stay,Stay
0,0,0.0612230270063115,Stay,Stay
0,0,0.028112921434191338,Stay,Stay
0,0,0.01289845654828953,Stay,Stay
0,0,0.0027302584342779003,Stay,Stay
0,0,0.14794299823632048,Stay,Stay
1,0,0.44436231725418,Churn,Stay
0,0,0.07157775405260614,Stay,Stay
0,0,0.4941011525217576,Stay,Stay
1,1,0.7232472544398415,Churn,Churn
0,0,0.01484351819883152,Stay,Stay
1,1,0.625969534767602,Churn,Churn
0,1,0.6922671159226875,Stay,Churn
0,0,0.06229354091549433,Stay,Stay
0,0,0.07896950905216271,Stay,Stay
0,0,0.009221436888727187,Stay,Stay
0,1,0.5879814920895488,Stay,Churn
0,0,0.12245979265920129,Stay,Stay
0,1,0.5242888851902191,Stay,Churn
0,0,0.48800351935505415,Stay,Stay
0,0,0.18027097879215595,Stay,Stay
0,0,0.07289691868212994,Stay,Stay
0,0,0.17476723288327303,Stay,Stay
0,0,0.0071672815791338565,Stay,Stay
0,1,0.795517578366141,Stay,Churn
1,1,0.7385368915485739,Churn,Churn
1,0,0.3182068563311216,Churn,Stay
0,0,0.43174357794901524,Stay,Stay
0,0,0.11918251913370512,Stay,Stay
0,0,0.0021723738580473203,Stay,Stay
0,0,0.0038817089140608715,Stay,Stay
1,0,0.010234242561795595,Churn,Stay
1,0,0.14819699999290686,Churn,Stay
0,0,0.3443612875903718,Stay,Stay
0,0,0.05267689573059447,Stay,Stay
0,0,0.007183957737828314,Stay,Stay
0,0,0.059460807544571136,Stay,Stay
1,1,0.5947948222145794,Churn,Churn
0,0,0.3267324100608684,Stay,Stay
0,0,0.013734956320693398,Stay,Stay
1,0,0.4933101004582201,Churn,Stay
1,1,0.7275854038992058,Churn,Churn
0,0,0.13914216646494604,Stay,Stay
0,0,0.03031052320832279,Stay,Stay
0,0,0.04655100720233586,Stay,Stay
1,1,0.6977638101793098,Churn,Churn
0,0,0.06241535319309051,Stay,Stay
0,0,0.19733259617746113,Stay,Stay
0,0,0.2617760389553832,Stay,Stay
0,0,0.11157110972272681,Stay,Stay
0,0,0.04149699717261976,Stay,Stay
0,0,0.3040669850150921,Stay,Stay
1,1,0.7217839086825524,Churn,Churn
1,0,0.25568171104684223,Churn,Stay
0,0,0.3578429615998063,Stay,Stay
0,1,0.5792963057259187,Stay,Churn
0,0,0.061896243771665506,Stay,Stay
1,1,0.7737946232930941,Churn,Churn
0,0,0.42378315204577455,Stay,Stay
0,1,0.7802352694129759,Stay,Churn
0,0,0.17431809169586732,Stay,Stay
0,0,0.363291238128525,Stay,Stay
1,0,0.49544691931747886,Churn,Stay
0,0,0.03691203026161794,Stay,Stay
0,0,0.267631147139425,Stay,Stay
0,1,0.5409908114624409,Stay,Churn
0,1,0.6148410870023702,Stay,Churn
1,0,0.16443356103060172,Churn,Stay
0,0,0.46488011242369864,Stay,Stay
1,0,0.2942674005478907,Churn,Stay
0,1,0.6948641149274939,Stay,Churn
0,0,0.3819629083116215,Stay,Stay
0,0,0.141841837646945,Stay,Stay
0,1,0.5042541547410333,Stay,Churn
1,1,0.5557672759912825,Churn,Churn
0,0,0.2582136527629109,Stay,Stay
0,0,0.38150528699276975,Stay,Stay
0,0,0.21008673904186995,Stay,Stay
0,0,0.47287504987875295,Stay,Stay
0,0,0.025103619510840496,Stay,Stay
0,0,0.04593545716324849,Stay,Stay
0,0,0.3243344005506409,Stay,Stay
0,0,0.0023224523207142967,Stay,Stay
1,1,0.6676691954372432,Churn,Churn
0,0,0.22276544726013767,Stay,Stay
1,0,0.02451851376498919,Churn,Stay
0,0,0.1032936726838172,Stay,Stay
0,0,0.003693483839002848,Stay,Stay
1,1,0.5556901914693211,Churn,Churn
0,0,0.25888767727735584,Stay,Stay
0,0,0.040334648647592376,Stay,Stay
0,0,0.2864162281646516,Stay,Stay
0,0,0.022197410309072036,Stay,Stay
0,0,0.20473568412021792,Stay,Stay
0,1,0.6622988664991494,Stay,Churn
0,0,0.03778421793409024,Stay,Stay
0,0,0.0035839851715538822,Stay,Stay
0,0,0.25426210829464135,Stay,Stay
0,0,0.14928239444919672,Stay,Stay
0,1,0.6757357021043068,Stay,Churn
0,0,0.01371801477480397,Stay,Stay
0,0,0.19501464437840396,Stay,Stay
1,1,0.6507106590061017,Churn,Churn
1,0,0.46537242182497407,Churn,Stay
0,0,0.4723924777965898,Stay,Stay
1,0,0.17403547751056414,Churn,Stay
0,0,0.16244946500997767,Stay,Stay
1,0,0.2587438848067209,Churn,Stay
0,0,0.09839410798398908,Stay,Stay
0,0,0.24620513131578703,Stay,Stay
0,0,0.11101458607046051,Stay,Stay
0,0,0.022503185295562812,Stay,Stay
0,1,0.6883544376707783,Stay,Churn
0,0,0.46088620258020735,Stay,Stay
0,0,0.2543048805235098,Stay,Stay
0,0,0.36790143693870936,Stay,Stay
0,0,0.013634569775815952,Stay,Stay
1,1,0.7036345242222971,Churn,Churn
0,0,0.16396168662018293,Stay,Stay
0,0,0.004334618572928116,Stay,Stay
0,0,0.17701004033584236,Stay,Stay
0,0,0.00616027344999546,Stay,Stay
0,0,0.03550234039291815,Stay,Stay
0,0,0.3613290225927234,Stay,Stay
0,0,0.0016419813418456445,Stay,Stay
0,0,0.02220507326973519,Stay,Stay
0,0,0.20589757058908278,Stay,Stay
0,0,0.022620427343832312,Stay,Stay
0,0,0.3601399871599857,Stay,Stay
0,0,0.0814625704808485,Stay,Stay
0,0,0.10786184182688154,Stay,Stay
1,1,0.5051118486170515,Churn,Churn
0,0,0.036610989990467586,Stay,Stay
0,0,0.07631394035962338,Stay,Stay
1,0,0.498706849728095,Churn,Stay
1,1,0.5532372794045567,Churn,Churn
1,0,0.14532400796420897,Churn,Stay
0,0,0.07530370827009208,Stay,Stay
0,0,0.03127040038409743,Stay,Stay
0,0,0.0017618869136016555,Stay,Stay
0,0,0.32498549389786274,Stay,Stay
1,1,0.5797549040454586,Churn,Churn
0,0,0.19770408988345547,Stay,Stay
1,1,0.5401725064939086,Churn,Churn
0,0,0.16133305231949338,Stay,Stay
0,0,0.20853882248401936,Stay,Stay
0,0,0.1780322952277723,Stay,Stay
1,1,0.745993550586025,Churn,Churn
0,0,0.22950872802063846,Stay,Stay
0,0,0.06629958366264929,Stay,Stay
0,0,0.01132066791278634,Stay,Stay
1,0,0.36726353957409186,Churn,Stay
1,0,0.33248014674315657,Churn,Stay
0,0,0.19358289547693677,Stay,Stay
0,0,0.012197904100975087,Stay,Stay
0,0,0.012482461731421687,Stay,Stay
0,0,0.041127123540532974,Stay,Stay
0,0,0.010767249109505926,Stay,Stay
1,1,0.6792114353736823,Churn,Churn
1,0,0.1548199145521539,Churn,Stay
1,1,0.6319533564476847,Churn,Churn
0,0,0.07487307706369098,Stay,Stay
0,0,0.22181977438160483,Stay,Stay
0,0,0.043843816901724564,Stay,Stay
0,0,0.011274410261598039,Stay,Stay
1,0,0.12715802455960498,Churn,Stay
0,0,0.007350847842786196,Stay,Stay
1,0,0.4503599285767302,Churn,Stay
0,0,0.008668620599240087,Stay,Stay
0,0,0.03835705367485996,Stay,Stay
0,0,0.06369255417047326,Stay,Stay
0,0,0.44535505428471506,Stay,Stay
0,0,0.1708238991029428,Stay,Stay
1,0,0.19670446101486436,Churn,Stay
0,0,0.4508102954612499,Stay,Stay
0,0,0.13088066491696312,Stay,Stay
0,0,0.195925870388366,Stay,Stay
1,1,0.7453759937054995,Churn,Churn
0,0,0.07359823655519902,Stay,Stay
1,0,0.2773922218581623,Churn,Stay
0,0,0.23239318807677553,Stay,Stay
0,0,0.0016383906369167968,Stay,Stay
1,0,0.29035234498846424,Churn,Stay
0,0,0.04269071291041394,Stay,Stay
0,0,0.3295710692618966,Stay,Stay
0,0,0.07334165243254308,Stay,Stay
0,0,0.33844940251118755,Stay,Stay
1,0,0.10191195008865311,Churn,Stay
0,0,0.020455263327293666,Stay,Stay
0,0,0.02688769998295128,Stay,Stay
0,0,0.07960046659579229,Stay,Stay
1,0,0.4863802521855821,Churn,Stay
0,0,0.004679926394416479,Stay,Stay
1,1,0.5372231941148434,Churn,Churn
0,0,0.013613710066646155,Stay,Stay
0,1,0.7178963696440178,Stay,Churn
0,0,0.2903525525295531,Stay,Stay
0,0,0.17893938039472035,Stay,Stay
0,0,0.08543514765794427,Stay,Stay
0,1,0.6671955880475785,Stay,Churn
1,0,0.26748868359877487,Churn,Stay
0,1,0.6422104495846712,Stay,Churn
0,0,0.13718128989262848,Stay,Stay
0,0,0.3047606453369944,Stay,Stay
1,1,0.6865069346547661,Churn,Churn
1,1,0.6717355294344635,Churn,Churn
0,0,0.02942452539662538,Stay,Stay
0,0,0.0014356672500680876,Stay,Stay
0,0,0.023379481709367794,Stay,Stay
0,0,0.022857174908010907,Stay,Stay
0,0,0.06280829288828847,Stay,Stay
0,1,0.6523880691818958,Stay,Churn
0,0,0.47628643258014536,Stay,Stay
1,1,0.6606034263651204,Churn,Churn
0,0,0.004774512445356183,Stay,Stay
0,0,0.23073550624909575,Stay,Stay
0,0,0.01326110382444556,Stay,Stay
0,0,0.01037058584553304,Stay,Stay
0,0,0.04509614174177327,Stay,Stay
0,0,0.005575942536103042,Stay,Stay
0,0,0.005736646527441656,Stay,Stay
0,0,0.022171065544767863,Stay,Stay
0,0,0.09076711925762747,Stay,Stay
0,0,0.04166416315253385,Stay,Stay
0,1,0.6895787765420938,Stay,Churn
0,0,0.03684247951799194,Stay,Stay
0,0,0.18937599559169732,Stay,Stay
1,1,0.7218529395991726,Churn,Churn
1,1,0.6988472072892624,Churn,Churn
1,0,0.26768843272285536,Churn,Stay
1,1,0.6319465499747584,Churn,Churn
1,0,0.4108035166131407,Churn,Stay
0,1,0.5282764933787045,Stay,Churn
0,0,0.25113820050253505,Stay,Stay
1,1,0.6317402749374579,Churn,Churn
0,0,0.08416385379820455,Stay,Stay
0,0,0.21328722061831273,Stay,Stay
0,0,0.12822143927446128,Stay,Stay
1,0,0.3151553927609035,Churn,Stay
0,0,0.15325219026859926,Stay,Stay
1,0,0.18576066835006744,Churn,Stay
0,1,0.6036668880645978,Stay,Churn
1,1,0.6372315921013771,Churn,Churn
1,0,0.09881884825753347,Churn,Stay
1,1,0.8150678429617843,Churn,Churn
1,0,0.21999440299780354,Churn,Stay
0,0,0.03561848936032273,Stay,Stay
0,0,0.28787163911175384,Stay,Stay
0,0,0.4826291963674003,Stay,Stay
0,0,0.2624625205791925,Stay,Stay
0,0,0.08438329254982921,Stay,Stay
0,0,0.006692833135465486,Stay,Stay
0,0,0.036648819956612594,Stay,Stay
0,0,0.013590584865097708,Stay,Stay
0,0,0.29340241358928143,Stay,Stay
0,0,0.062067062062443376,Stay,Stay
0,0,0.04301627546068971,Stay,Stay
0,0,0.17689281663137083,Stay,Stay
1,0,0.44234056344196276,Churn,Stay
1,0,0.4456746563897779,Churn,Stay
0,0,0.004166417311018213,Stay,Stay
0,0,0.1725401002841693,Stay,Stay
0,0,0.16199290406409547,Stay,Stay
0,1,0.5502902812116147,Stay,Churn
0,0,0.009963303665443242,Stay,Stay
1,1,0.6158267862119599,Churn,Churn
1,1,0.6698560104963566,Churn,Churn
0,0,0.11177595899923884,Stay,Stay
0,0,0.006900113879096889,Stay,Stay
0,1,0.6931395206248983,Stay,Churn
1,0,0.4817009198472043,Churn,Stay
0,1,0.6286900180047464,Stay,Churn
0,0,0.31620720076500025,Stay,Stay
0,0,0.03392283241235031,Stay,Stay
1,1,0.5357265637660752,Churn,Churn
1,0,0.40593874944753744,Churn,Stay
0,0,0.031466588843082476,Stay,Stay
0,0,0.09621352262687782,Stay,Stay
0,0,0.03841791033532702,Stay,Stay
0,0,0.3731090024569955,Stay,Stay
0,0,0.023102613520687532,Stay,Stay
0,0,0.018896251479339404,Stay,Stay
0,0,0.1951527958276176,Stay,Stay
1,1,0.6350450685297385,Churn,Churn
0,0,0.1400526993250463,Stay,Stay
1,0,0.4048003107290435,Churn,Stay
0,1,0.6183381581823665,Stay,Churn
0,0,0.010774426552424757,Stay,Stay
0,0,0.3117024868221975,Stay,Stay
0,0,0.09017202001844159,Stay,Stay
0,1,0.5353603414009203,Stay,Churn
0,0,0.1807573949862926,Stay,Stay
0,0,0.2968545447519519,Stay,Stay
0,0,0.0023002607922162363,Stay,Stay
0,0,0.011605067748184995,Stay,Stay
0,0,0.3903919177128098,Stay,Stay
0,0,0.1791431865256544,Stay,Stay
0,1,0.6749512308994156,Stay,Churn
0,1,0.5160159140051614,Stay,Churn
0,0,0.1976160126082058,Stay,Stay
1,0,0.20612600206492268,Churn,Stay
0,0,0.4883687711355383,Stay,Stay
0,0,0.006588836898362476,Stay,Stay
1,0,0.0825626587142157,Churn,Stay
0,0,0.06899353610970821,Stay,Stay
0,0,0.10952839949928794,Stay,Stay
0,0,0.004227437598320018,Stay,Stay
0,0,0.13375071543115274,Stay,Stay
0,0,0.14358571781889493,Stay,Stay
0,0,0.014006010426791964,Stay,Stay
0,0,0.32926751456016984,Stay,Stay
1,0,0.28020473993394607,Churn,Stay
0,0,0.4704613824153357,Stay,Stay
0,0,0.43383446072271176,Stay,Stay
1,0,0.041593736433317104,Churn,Stay
0,0,0.12130750969619168,Stay,Stay
1,0,0.20819032710290258,Churn,Stay
1,1,0.5996217855204701,Churn,Churn
0,0,0.0051042278570045995,Stay,Stay
0,0,0.0340541466731317,Stay,Stay
1,0,0.17640775742791334,Churn,Stay
0,0,0.002847882305888279,Stay,Stay
1,1,0.5906918837292133,Churn,Churn
0,0,0.04345621534443256,Stay,Stay
1,0,0.06763562118574973,Churn,Stay
0,0,0.1629521928483859,Stay,Stay
1,1,0.813738113324177,Churn,Churn
0,0,0.0068777565452145676,Stay,Stay
0,0,0.008942242247759673,Stay,Stay
0,1,0.5228978152117112,Stay,Churn
1,1,0.7863255966150613,Churn,Churn
0,0,0.13974026973534262,Stay,Stay
0,0,0.0023791828352149823,Stay,Stay
0,0,0.10009777348054873,Stay,Stay
0,1,0.5297244530611664,Stay,Churn
1,1,0.5995451161121966,Churn,Churn
0,0,0.020697188671488106,Stay,Stay
0,0,0.008265340806538337,Stay,Stay
0,0,0.06262916944771903,Stay,Stay
0,0,0.2646800721953386,Stay,Stay
1,1,0.6667222050489946,Churn,Churn
1,0,0.21700505028827463,Churn,Stay
0,0,0.11536258215122594,Stay,Stay
0,0,0.2855164133019619,Stay,Stay
0,0,0.0037688337004481076,Stay,Stay
0,0,0.10260054214597188,Stay,Stay
1,0,0.41098791351754255,Churn,Stay
0,0,0.0523353074529543,Stay,Stay
0,0,0.007172662436004302,Stay,Stay
0,0,0.3986853538134054,Stay,Stay
0,0,0.4049309438037703,Stay,Stay
1,0,0.24080229510275722,Churn,Stay
0,0,0.10623050072118716,Stay,Stay
0,0,0.002214446777578033,Stay,Stay
0,0,0.07181249745809015,Stay,Stay
0,0,0.43228623706381286,Stay,Stay
1,0,0.025558599682623213,Churn,Stay
0,0,0.037979086855226905,Stay,Stay
0,0,0.01889714431264057,Stay,Stay
0,0,0.07729282804852504,Stay,Stay
0,0,0.2452440622180343,Stay,Stay
1,1,0.6083544719351446,Churn,Churn
0,0,0.009799624381068435,Stay,Stay
0,0,0.009878187683565024,Stay,Stay
0,0,0.15053654551729978,Stay,Stay
0,1,0.6556821837998931,Stay,Churn
0,0,0.007936062514691228,Stay,Stay
0,0,0.02618042008821848,Stay,Stay
0,0,0.0889679029363045,Stay,Stay
0,0,0.06412503585973893,Stay,Stay
0,0,0.41361524844169856,Stay,Stay
1,1,0.642717390088006,Churn,Churn
0,0,0.3606151588209423,Stay,Stay
1,1,0.6005239210057389,Churn,Churn
0,0,0.04530725586153277,Stay,Stay
0,0,0.03978323830688822,Stay,Stay
1,1,0.7735194077319089,Churn,Churn
0,0,0.3617890153215181,Stay,Stay
0,0,0.009874533806159743,Stay,Stay
1,1,0.7441655549128798,Churn,Churn
0,0,0.06351815962156408,Stay,Stay
0,0,0.25967130934360344,Stay,Stay
0,0,0.14335102760219517,Stay,Stay
0,0,0.039461625322562005,Stay,Stay
0,0,0.09037874757753661,Stay,Stay
0,0,0.3052867452337923,Stay,Stay
0,0,0.014941597425516066,Stay,Stay
1,1,0.634971612773315,Churn,Churn
0,0,0.47308508732189464,Stay,Stay
0,0,0.0048466691510794255,Stay,Stay
0,0,0.01979459794386707,Stay,Stay
0,0,0.3433420633301925,Stay,Stay
1,0,0.06910771534851126,Churn,Stay
0,0,0.17621437197963422,Stay,Stay
0,0,0.006647166643690376,Stay,Stay
0,0,0.3090365898282727,Stay,Stay
0,0,0.10826005971724759,Stay,Stay
1,0,0.16101723203284868,Churn,Stay
0,0,0.17137585530508676,Stay,Stay
0,1,0.5040020393334025,Stay,Churn
0,0,0.02815223946166795,Stay,Stay
0,0,0.005231980145490445,Stay,Stay
0,0,0.22555734956573648,Stay,Stay
1,1,0.745560587823845,Churn,Churn
0,0,0.011651155095874112,Stay,Stay
0,0,0.004751157654941597,Stay,Stay
1,1,0.602040336952804,Churn,Churn
0,1,0.5886382862342795,Stay,Churn
0,0,0.0014709457034239313,Stay,Stay
0,0,0.006777957949225029,Stay,Stay
0,0,0.357856553680645,Stay,Stay
0,0,0.49674589041223516,Stay,Stay
1,0,0.28724813524645026,Churn,Stay
1,0,0.27045546945789223,Churn,Stay
1,1,0.5175568378732988,Churn,Churn
0,0,0.17175194363041382,Stay,Stay
0,0,0.04914519471351025,Stay,Stay
0,0,0.04935466914229868,Stay,Stay
0,0,0.028707173782159076,Stay,Stay
0,1,0.737037961143361,Stay,Churn
0,0,0.12077880469857016,Stay,Stay
0,0,0.15185591363249193,Stay,Stay
1,1,0.8225148010573543,Churn,Churn
0,0,0.004338908130084172,Stay,Stay
0,1,0.6120938076673491,Stay,Churn
0,0,0.21613024850196644,Stay,Stay
0,0,0.019638420799655495,Stay,Stay
0,0,0.0424792217259,Stay,Stay
0,1,0.6473392729010432,Stay,Churn
1,1,0.6888842388902973,Churn,Churn
1,1,0.7129051982542425,Churn,Churn
0,0,0.003701889257034792,Stay,Stay
1,1,0.5422024165225438,Churn,Churn
0,0,0.17312700917400423,Stay,Stay
0,1,0.5317994476876716,Stay,Churn
0,1,0.5386815758858166,Stay,Churn
0,0,0.2926872443353057,Stay,Stay
0,0,0.01608528719568343,Stay,Stay
0,0,0.3570126921648564,Stay,Stay
1,1,0.6291747644929155,Churn,Churn
0,0,0.030337787567005104,Stay,Stay
0,0,0.3058411595278883,Stay,Stay
0,0,0.019850128438693753,Stay,Stay
0,1,0.627321313992216,Stay,Churn
1,1,0.6174810201213486,Churn,Churn
1,0,0.4031081648190208,Churn,Stay
0,0,0.0034116738584406953,Stay,Stay
1,1,0.5784632262437693,Churn,Churn
0,1,0.6290991531461532,Stay,Churn
1,1,0.5338650010808279,Churn,Churn
1,0,0.48706353710275696,Churn,Stay
0,0,0.07404554598206291,Stay,Stay
1,0,0.1593360933936427,Churn,Stay
0,0,0.04253659616818504,Stay,Stay
0,0,0.18546150945558057,Stay,Stay
0,0,0.4892052173687967,Stay,Stay
1,1,0.6434516423291252,Churn,Churn
1,0,0.20077502719648674,Churn,Stay
0,0,0.011899628375116765,Stay,Stay
1,1,0.6279873722906608,Churn,Churn
0,0,0.00925746064597075,Stay,Stay
1,1,0.6462882235233149,Churn,Churn
1,1,0.5091069934088501,Churn,Churn
0,0,0.07128245303080784,Stay,Stay
0,0,0.12442469564743212,Stay,Stay
0,0,0.02362049128138516,Stay,Stay
1,1,0.6108710362469073,Churn,Churn
0,0,0.037760103178238615,Stay,Stay
1,1,0.6901348618823319,Churn,Churn
1,1,0.6723510525410893,Churn,Churn
1,0,0.31934216244492447,Churn,Stay
1,1,0.5233829952241142,Churn,Churn
0,0,0.43196019716193845,Stay,Stay
0,0,0.1692549382230799,Stay,Stay
1,1,0.5982831278506148,Churn,Churn
1,0,0.31612077813204004,Churn,Stay
0,0,0.1650786526164533,Stay,Stay
0,0,0.4400378247837401,Stay,Stay
0,0,0.013785075809901938,Stay,Stay
0,0,0.06654056603407317,Stay,Stay
0,0,0.18367750520520662,Stay,Stay
0,0,0.008757010755293459,Stay,Stay
0,0,0.0028616604721664303,Stay,Stay
0,0,0.19318741952896648,Stay,Stay
1,0,0.46806029253294645,Churn,Stay
0,0,0.040416021586336885,Stay,Stay
1,1,0.7167513406175272,Churn,Churn
0,1,0.5984743474373742,Stay,Churn
0,0,0.08791715635881919,Stay,Stay
0,0,0.204206701049499,Stay,Stay
0,0,0.03991395647768506,Stay,Stay
1,1,0.8473997082416695,Churn,Churn
0,0,0.2537910658729235,Stay,Stay
1,1,0.5542147097617105,Churn,Churn
0,0,0.2098064204336464,Stay,Stay
0,0,0.002737395867009768,Stay,Stay
1,0,0.2505004915566408,Churn,Stay
0,0,0.015012112265630744,Stay,Stay
1,1,0.5346862730100762,Churn,Churn
0,0,0.009860646860311535,Stay,Stay
0,0,0.41085476220300887,Stay,Stay
0,0,0.4514882494767698,Stay,Stay
0,0,0.004886886998416909,Stay,Stay
0,0,0.31160230229284147,Stay,Stay
0,0,0.36088770069377485,Stay,Stay
0,0,0.0307101662231972,Stay,Stay
0,0,0.2719325612572105,Stay,Stay
1,1,0.6859017143414319,Churn,Churn
0,1,0.6636250086788911,Stay,Churn
0,0,0.014837312724210532,Stay,Stay
1,0,0.2867766872519628,Churn,Stay
1,1,0.7542210938808975,Churn,Churn
0,0,0.08718662848394818,Stay,Stay
0,0,0.3450429203185408,Stay,Stay
0,0,0.02668420879699532,Stay,Stay
1,0,0.2065834277497941,Churn,Stay
0,0,0.0557783683356779,Stay,Stay
0,0,0.22617496762901593,Stay,Stay
0,0,0.09071485356259529,Stay,Stay
0,1,0.5450848149777779,Stay,Churn
0,0,0.24250058682902517,Stay,Stay
1,1,0.6797235075552436,Churn,Churn
0,0,0.1980139344922569,Stay,Stay
0,0,0.010817462684808462,Stay,Stay
0,0,0.10507330588402172,Stay,Stay
0,0,0.12120500155145848,Stay,Stay
1,0,0.09163400181272575,Churn,Stay
1,0,0.4688633934544077,Churn,Stay
0,0,0.16103964551078587,Stay,Stay
0,0,0.10012740626558907,Stay,Stay
0,0,0.0020216842240553456,Stay,Stay
1,1,0.5239167406462713,Churn,Churn
1,1,0.5384833745859727,Churn,Churn
1,0,0.3746049011423764,Churn,Stay
1,1,0.5425352174584867,Churn,Churn
0,0,0.016112797811285273,Stay,Stay
0,0,0.037804501479721864,Stay,Stay
0,0,0.04552551917721985,Stay,Stay
1,1,0.6929934430731989,Churn,Churn
1,1,0.5205253595115589,Churn,Churn
0,0,0.20884008583162228,Stay,Stay
0,0,0.005380142530858338,Stay,Stay
0,1,0.5956366871007223,Stay,Churn
1,0,0.00456892679216432,Churn,Stay
0,0,0.29731950792771167,Stay,Stay
0,0,0.01202558819676883,Stay,Stay
1,1,0.5568708613787215,Churn,Churn
0,0,0.032596881645060756,Stay,Stay
0,0,0.08527043452669866,Stay,Stay
0,0,0.15012853192204445,Stay,Stay
0,0,0.12068141980835491,Stay,Stay
0,0,0.0028636855036521885,Stay,Stay
0,1,0.5452961117678914,Stay,Churn
0,0,0.004345641414511364,Stay,Stay
0,1,0.6240698165419152,Stay,Churn
0,0,0.18153145334027482,Stay,Stay
0,0,0.29629263535916284,Stay,Stay
1,0,0.23158283794853085,Churn,Stay
0,0,0.01003790785283211,Stay,Stay
0,0,0.002667276971114791,Stay,Stay
1,1,0.535023604078362,Churn,Churn
0,0,0.003453988012132992,Stay,Stay
1,1,0.6948641149274939,Churn,Churn
0,0,0.3829737884647521,Stay,Stay
1,0,0.03455518264020449,Churn,Stay
0,0,0.4617658518179089,Stay,Stay
0,0,0.11652149584998354,Stay,Stay
1,1,0.5516661453771297,Churn,Churn
0,0,0.16628774034960303,Stay,Stay
1,0,0.0748781287353509,Churn,Stay
0,0,0.22183081814288488,Stay,Stay
0,0,0.014463948622810469,Stay,Stay
0,1,0.6730508932324678,Stay,Churn
0,0,0.17440452606190432,Stay,Stay
0,0,0.1750031987153005,Stay,Stay
0,0,0.4340378756851894,Stay,Stay
0,0,0.20888181264455444,Stay,Stay
1,0,0.31913911749872304,Churn,Stay
0,0,0.07771122798139153,Stay,Stay
0,0,0.24951889002770508,Stay,Stay
1,0,0.4493444830821183,Churn,Stay
0,0,0.12444284779370929,Stay,Stay
0,0,0.0213181128081323,Stay,Stay
0,1,0.7054793913705062,Stay,Churn
1,1,0.72783734468479,Churn,Churn
0,0,0.18092321756447452,Stay,Stay
1,1,0.5744294313088363,Churn,Churn
1,1,0.6771620518559083,Churn,Churn
0,0,0.002229541616492263,Stay,Stay
0,0,0.3361815420060475,Stay,Stay
0,0,0.04322527121488598,Stay,Stay
0,0,0.015363637942079513,Stay,Stay
0,0,0.3973740861430128,Stay,Stay
0,0,0.23775996024459628,Stay,Stay
1,0,0.2787605205598582,Churn,Stay
0,0,0.0600994585644492,Stay,Stay
1,1,0.8171240853361086,Churn,Churn
0,1,0.67225466628279,Stay,Churn
1,1,0.6422369527882279,Churn,Churn
1,1,0.6731468646815115,Churn,Churn
0,0,0.12556581493665775,Stay,Stay
0,0,0.00705704105101555,Stay,Stay
1,1,0.6722637155664006,Churn,Churn
0,1,0.7864927622630624,Stay,Churn
0,0,0.1911609851454184,Stay,Stay
0,1,0.5606553604112164,Stay,Churn
0,0,0.03742881473787766,Stay,Stay
0,1,0.5371908156689147,Stay,Churn
0,0,0.11546037173979347,Stay,Stay
0,0,0.20729318352894602,Stay,Stay
1,1,0.5677365437119013,Churn,Churn
0,0,0.4217738230108161,Stay,Stay
0,0,0.24820701769795536,Stay,Stay
0,0,0.20920890659347516,Stay,Stay
0,0,0.3786463191547421,Stay,Stay
0,0,0.07198480334605493,Stay,Stay
0,0,0.06678568260152525,Stay,Stay
0,0,0.2249146846230529,Stay,Stay
0,0,0.013458303367478518,Stay,Stay
0,0,0.2971392732416824,Stay,Stay
0,0,0.008151766733701202,Stay,Stay
0,0,0.20325246450090376,Stay,Stay
0,0,0.11075755876626875,Stay,Stay
1,1,0.6154120751089903,Churn,Churn
0,0,0.02440267829214487,Stay,Stay
0,0,0.06894611437982003,Stay,Stay
0,0,0.025524507459515625,Stay,Stay
1,1,0.7970013711389001,Churn,Churn
0,0,0.03718224734152801,Stay,Stay
1,0,0.14588419414039197,Churn,Stay
0,0,0.3222083778871538,Stay,Stay
1,1,0.6878617739047372,Churn,Churn
0,0,0.04046249150440292,Stay,Stay
0,0,0.004629207834181638,Stay,Stay
0,0,0.0029677074406407543,Stay,Stay
0,0,0.22476212040529153,Stay,Stay
1,0,0.23384173673088346,Churn,Stay
0,0,0.3915630281474866,Stay,Stay
0,0,0.2143429231082857,Stay,Stay
0,0,0.01632504240905291,Stay,Stay
0,0,0.09381248230132458,Stay,Stay
1,1,0.7176892590889576,Churn,Churn
1,1,0.6160884115175306,Churn,Churn
0,0,0.0889326303792229,Stay,Stay
0,0,0.014458898961585483,Stay,Stay
0,0,0.030430601291106033,Stay,Stay
1,0,0.025124501832981143,Churn,Stay
1,1,0.688023528391403,Churn,Churn
0,0,0.16830399402065918,Stay,Stay
0,0,0.1340685427714031,Stay,Stay
0,1,0.5601139591175839,Stay,Churn
0,0,0.3473871102484306,Stay,Stay
0,0,0.34234372253696893,Stay,Stay
1,1,0.625797189866601,Churn,Churn
1,0,0.1384429703105999,Churn,Stay
0,0,0.04411319052101304,Stay,Stay
0,0,0.2818113136717782,Stay,Stay
0,0,0.009275200638335326,Stay,Stay
0,0,0.32807247571672893,Stay,Stay
1,1,0.504273206706434,Churn,Churn
0,0,0.27784438617449264,Stay,Stay
0,0,0.26748077715043195,Stay,Stay
0,0,0.01682313330777988,Stay,Stay
0,0,0.0030422589088687784,Stay,Stay
0,0,0.47804766920942887,Stay,Stay
0,0,0.32181270657944316,Stay,Stay
0,0,0.24847145075327826,Stay,Stay
0,0,0.012079866322196662,Stay,Stay
1,1,0.7248411778928979,Churn,Churn
0,1,0.614727267646999,Stay,Churn
0,1,0.5564725147140374,Stay,Churn
0,0,0.008877993376841756,Stay,Stay
1,1,0.502622386852864,Churn,Churn
0,1,0.6072425789829677,Stay,Churn
0,0,0.036225928409727395,Stay,Stay
0,0,0.31428091697691696,Stay,Stay
0,0,0.3773269847548334,Stay,Stay
0,1,0.7443008187826387,Stay,Churn
0,1,0.6284344466449137,Stay,Churn
1,1,0.5043155349618743,Churn,Churn
1,1,0.7855077170994446,Churn,Churn
0,0,0.08409297101597948,Stay,Stay
0,1,0.5025964982247345,Stay,Churn
1,0,0.3255959847740841,Churn,Stay
1,0,0.1780157036583448,Churn,Stay
1,0,0.4043173581342476,Churn,Stay
0,0,0.0019362777364627614,Stay,Stay
0,0,0.07140364201916863,Stay,Stay
0,0,0.18755469902222568,Stay,Stay
0,0,0.0035255359716854107,Stay,Stay
0,0,0.23788003165014784,Stay,Stay
0,0,0.047771751781712765,Stay,Stay
0,0,0.4248514764310986,Stay,Stay
1,1,0.6551240821114246,Churn,Churn
0,0,0.023077905436712114,Stay,Stay
0,0,0.014229603642292003,Stay,Stay
0,0,0.1374175512554348,Stay,Stay
0,0,0.10342359316343189,Stay,Stay
1,1,0.7142259955184861,Churn,Churn
0,0,0.02850779199396181,Stay,Stay
0,1,0.5903138043021214,Stay,Churn
0,0,0.05340544243498107,Stay,Stay
0,0,0.06674117399052505,Stay,Stay
0,0,0.2567290417429191,Stay,Stay
1,1,0.7416166835084198,Churn,Churn
0,0,0.08633699955879906,Stay,Stay
0,0,0.011684576331203895,Stay,Stay
0,0,0.026902172797663906,Stay,Stay
0,0,0.03424175246306281,Stay,Stay
0,0,0.14696220176740227,Stay,Stay
0,0,0.03180196690311313,Stay,Stay
0,0,0.22676086373156634,Stay,Stay
0,0,0.0018226759330669255,Stay,Stay
0,0,0.11958060091918583,Stay,Stay
1,1,0.6956982409053589,Churn,Churn
0,0,0.02691612455499521,Stay,Stay
0,0,0.04569394722766295,Stay,Stay
0,1,0.569168644028535,Stay,Churn
1,1,0.8113456213548786,Churn,Churn
0,0,0.15211390378768364,Stay,Stay
0,0,0.1866651545958093,Stay,Stay
0,0,0.0047418525038906215,Stay,Stay
0,0,0.12242711795546427,Stay,Stay
1,1,0.5778429502885675,Churn,Churn
0,0,0.004629203181165547,Stay,Stay
0,1,0.5467505362204451,Stay,Churn
0,0,0.04021044308374993,Stay,Stay
0,0,0.01817794896144864,Stay,Stay
0,0,0.019040932591237975,Stay,Stay
0,0,0.22299359832710733,Stay,Stay
0,0,0.054476101834454574,Stay,Stay
0,0,0.2644798856664343,Stay,Stay
0,0,0.03016995386899923,Stay,Stay
0,0,0.017477957190358245,Stay,Stay
1,1,0.7802168343509055,Churn,Churn
0,0,0.03586151309982129,Stay,Stay
0,0,0.11742074507557473,Stay,Stay
0,0,0.26386125332041954,Stay,Stay
0,0,0.0016063559270030625,Stay,Stay
0,0,0.029987463420610046,Stay,Stay
0,1,0.7520805198083285,Stay,Churn
0,0,0.004467726784924236,Stay,Stay
1,1,0.5064570897766526,Churn,Churn
0,0,0.24986105623154992,Stay,Stay
0,0,0.3155032774951609,Stay,Stay
0,0,0.13816495162135262,Stay,Stay
0,0,0.13072765109419715,Stay,Stay
0,0,0.024808418577213096,Stay,Stay
0,0,0.00440031565968949,Stay,Stay
